customer_id,customer_name,email,country
1,Michelle Richards,qnash@wagner.com,Lebanon
2,Philip Graham,karen07@hotmail.com,Rwanda
3,Amanda Stanley,nelsonthomas@burgess.com,Denmark
4,Frederick Jordan II,kjones@hotmail.com,Hungary
5,Michael Taylor,tcasey@hotmail.com,Malaysia
6,Rebecca Moore,melanie80@byrd-pierce.com,Greece
7,Hector Taylor,murphykevin@henderson-rose.org,Bouvet Island (Bouvetoya)
8,Sarah Schmidt,ryanashley@lewis-thomas.net,Guinea-Bissau
9,Ashley Perry,petersonlinda@hotmail.com,Thailand
10,Matthew Melendez,mtran@hotmail.com,Seychelles
11,Beth Phillips,jasoncharles@gmail.com,Romania
12,Amber Miller,bgibson@lucas.com,Slovakia (Slovak Republic)
13,Jade Thompson,frank67@schroeder-patterson.com,French Southern Territories
14,Norma Ford,obrown@wade.net,Jordan
15,Phillip Molina,cliffordabbott@gmail.com,Korea
16,Sara Richardson,micheal87@watson-payne.com,Samoa
17,Kelly Small PhD,richardcalhoun@galloway.net,Iceland
18,Amy Pennington,tracy81@gmail.com,Nauru
19,Christopher Howard,sara07@hotmail.com,Wallis and Futuna
20,Julie Hopkins,angelasavage@anderson-taylor.com,Iceland
21,Robert Griffin,ewalker@nichols-ballard.net,Brunei Darussalam
22,Taylor Johnson,paul05@lynn-campbell.com,Lao People's Democratic Republic
23,Christine Rivera,wagnercharles@allen.com,Pakistan
24,Jacqueline Hill,paul90@gmail.com,Holy See (Vatican City State)
25,Robert Sanders,morgan72@robinson.com,Holy See (Vatican City State)
26,Matthew Davis,catherine88@yahoo.com,United States Minor Outlying Islands
27,Jessica Padilla,monicawilliams@peterson.org,Norway
28,Sarah Bryant,aperez@hotmail.com,Uruguay
29,Frederick Steele,austin89@yahoo.com,British Virgin Islands
30,Patricia Frazier,villarrealdevin@yahoo.com,Israel
31,Mr. Joseph Bryant PhD,lancebush@williams.com,Burkina Faso
32,Emily Hines,krichardson@gmail.com,Montenegro
33,Lisa Clark,ssullivan@patrick-jackson.com,Spain
34,Valerie Goodman,brandonroberts@gmail.com,El Salvador
35,James Lee,andersonlisa@hotmail.com,Serbia
36,Angela Ray,ksmith@ball.info,Cape Verde
37,Michael Short,monicamcfarland@hotmail.com,Benin
38,Andrea Rose,jonesmichael@yahoo.com,Kiribati
39,Stephanie Robinson,melissabenjamin@gmail.com,Bulgaria
40,Brittany Cooley,ginafleming@garcia.com,Luxembourg
41,Shannon Delgado,bakerveronica@hotmail.com,Kazakhstan
42,Barbara Lee,millersarah@hotmail.com,Saint Vincent and the Grenadines
43,Eric Kramer,collin49@turner-moyer.net,Palestinian Territory
44,Miguel Hinton,bellmark@thompson-nelson.org,Cote d'Ivoire
45,Daniel Clements,jenniferwright@chandler.info,Brazil
46,David Ayers III,clittle@harris.biz,Sweden
47,Kathleen Gonzalez,jason47@harrison-willis.com,Samoa
48,William Rodriguez,clarkkaitlyn@yahoo.com,French Southern Territories
49,Keith Stewart,danielsdonald@norton.com,Brunei Darussalam
50,Scott Wilson,combsrobert@maldonado.com,Slovakia (Slovak Republic)
51,Deborah Espinoza,contrerasaaron@mendoza-robinson.com,Cape Verde
52,Kimberly Moreno,ubennett@yahoo.com,Sao Tome and Principe
53,Cynthia Jenkins,whunt@stewart.com,Taiwan
54,Blake Anderson,eric29@lamb.com,San Marino
55,Laura Vincent,tasha60@black.biz,Turks and Caicos Islands
56,Ian Chang,douglasjohnson@yahoo.com,Guyana
57,Amanda Jordan,scottritter@marshall-flores.biz,Malta
58,Lacey Vasquez,janicelynch@fletcher.biz,Niger
59,Leah Underwood,ithomas@gonzalez.com,Kyrgyz Republic
60,Joshua Williams,vjohnson@montgomery-mcpherson.com,Bhutan
61,Dawn Kim,alyssa99@henry.com,Korea
62,Susan Griffin,thompsoncolton@yahoo.com,Tuvalu
63,Kenneth Burnett,clarkellen@james.com,Slovenia
64,Paul Townsend,seansullivan@hotmail.com,Ecuador
65,Andrea Herrera,mendezrodney@hotmail.com,Nigeria
66,Jeremy Mcguire,mharris@gmail.com,Korea
67,Joel Vargas,stokeskimberly@johnson.com,Uzbekistan
68,Anna Colon,grace15@gmail.com,Slovakia (Slovak Republic)
69,Sharon Freeman,brent22@robertson.com,Fiji
70,Andrew Reese,bcarter@yahoo.com,Thailand
71,Karen Ortiz,caitlynaustin@hotmail.com,Iraq
72,Kristine Huffman,mstephens@little.com,Cayman Islands
73,Rachel Lee,angelawagner@oconnor.net,Albania
74,Yvette Williams,awang@hotmail.com,Central African Republic
75,Scott Cohen,barryamanda@gmail.com,Western Sahara
76,Erika Salas,davisjames@yahoo.com,Georgia
77,Nancy Francis,matthew18@garcia-maldonado.com,Burundi
78,Lee Willis PhD,andersonjohn@hotmail.com,Hungary
79,William Rich,thompsonlinda@mitchell.net,Honduras
80,Ashley Hooper,dhoffman@dickerson.com,Turks and Caicos Islands
81,Hannah Gibbs,marquezcarrie@gomez-yu.net,Tokelau
82,Elizabeth Jones,seanfoster@gmail.com,Korea
83,Andrew Anderson,youngjessica@gmail.com,Heard Island and McDonald Islands
84,Jay Brown,amy80@sloan.info,British Indian Ocean Territory (Chagos Archipelago)
85,Caitlin Hodge,efuller@browning-walsh.net,Turkmenistan
86,Stephanie Miller,ashley50@yahoo.com,Nauru
87,Kevin Brown,jsavage@martinez.com,Suriname
88,Cody Johnson,donna29@gmail.com,Korea
89,Melissa Wheeler,fthomas@ewing.biz,Falkland Islands (Malvinas)
90,Jeremy Garrison,jenkinssusan@hotmail.com,Norway
91,Levi Jenkins,tsanders@yahoo.com,Dominican Republic
92,Erica Bradley,leedaniel@roberts-robinson.com,Paraguay
93,Sean Schaefer,gyoung@smith.biz,Singapore
94,Billy Nolan,ramirezashley@brady.com,Angola
95,Pamela Jennings,david68@gmail.com,Montenegro
96,Brian Perez,angelabaker@hotmail.com,Nicaragua
97,Ronald Booth,sroth@castillo.com,Seychelles
98,Ashley Robertson,ccarpenter@yahoo.com,Antarctica (the territory South of 60 deg S)
99,Steven Robinson,kathryn94@gmail.com,Turkey
100,Thomas Miller,ztorres@yahoo.com,Ghana
