product_id,product_name,category,price
1,Provide Item,Cover,452.3
2,Thing Item,Its,204.19
3,Direction Item,Fill,211.97
4,Thank Item,That,453.83
5,Test Item,International,196.46
6,Fund Item,He,85.47
7,Class Item,Whatever,321.73
8,Point Item,Anyone,62.3
9,Run Item,Ago,427.23
10,Tree Item,Win,153.46
11,Particular Item,Traditional,109.13
12,To Item,Lead,453.22
13,Step Item,Event,205.86
14,Customer Item,Great,494.59
15,First Item,This,404.61
16,Best Item,Car,380.93
17,Learn Item,Sing,162.54
18,Thousand Item,Bag,405.64
19,Break Item,Exist,284.9
20,Town Item,Chair,387.42
21,Art Item,Time,381.98
22,Model Item,Read,234.68
23,Near Item,Network,234.63
24,Along Item,Question,72.85
25,Modern Item,Beat,31.21
26,Certainly Item,Free,201.5
27,Town Item,Hot,163.58
28,Ready Item,What,328.81
29,Old Item,Effort,136.25
30,Reveal Item,Hair,455.12
31,Success Item,Let,18.44
32,Report Item,Rule,353.66
33,Speak Item,Close,245.52
34,Arrive Item,Evidence,440.9
35,Street Item,Recently,330.55
36,Large Item,Face,288.77
37,Move Item,Morning,27.42
38,Everyone Item,Education,401.64
39,Look Item,Over,364.78
40,Simply Item,Current,223.84
41,He Item,Throughout,218.72
42,Assume Item,Third,114.1
43,Religious Item,Item,436.48
44,Could Item,Full,78.13
45,Behind Item,Send,114.57
46,However Item,Interesting,119.04
47,Both Item,End,160.24
48,Magazine Item,Stop,217.05
49,Attention Item,Explain,81.5
50,Feeling Item,Simple,244.84
